{"orgId":1,"orgName":"Main Org.","orgContent":[{"Id":1,"Uid":"RLei6YmRz","Slug":"ji-tai-jia-dong-_dev","OrgId":1,"GnetId":0,"Version":11,"PluginId":"","Created":"2022-05-20T13:36:25+08:00","Updated":"2022-05-20T14:19:39+08:00","UpdatedBy":1,"CreatedBy":1,"FolderId":0,"IsFolder":false,"HasAcl":false,"Title":"機台稼動_dev","Data":{"advantechSchemaVersion":2,"annotations":{"list":[{"builtIn":1,"datasource":"-- Grafana --","enable":false,"hide":true,"iconColor":"rgba(0, 211, 255, 1)","name":"Annotations & Alerts","type":"dashboard"}]},"borderRadiusValue":"Default","borderShadowGradientData":"Default","dashGirdColLevel":1,"dashNoTopPadding":false,"dashboardPanelBorderColor":"","dashboardPanelBorderSquareRadiusColor":"","dashboardPanelBorderStyle":"","dashboardPanelBorderWidth":"","dashboardPanelColorScheme":"Default","dashboardPanelGradientColor":"","dashboardPanelPillarColor":"","dashboardPanelShadow":false,"dashboardPanelTitleGradientColor":"","dashboardPanelTitleScheme":"Default","editable":true,"gnetId":null,"graphTooltip":0,"id":1,"iteration":1653027411066,"linkOneLineShow":false,"links":[],"mobileAuto":false,"mobileUpgraded":true,"panelLanguage":"en-US","panels":[{"commonFontColor":"","commonFontSize":"90%","commonSwitchVersion":1,"commonTitle":"","commonVarArray":[{"name":"machine"}],"commonVarName":"machine","commoneTitleAdjFontSize":true,"createUid":"9035d9c5-9023-3d7c-e6b8-509ff6d05e55","datasource":"MySQL","dateMode":"yyyy/MM/dd","dayFromShift":8,"dayFromType":"hour","dayToShift":8,"dayToType":"hour","gridPos":{"h":2,"w":24,"x":0,"y":0},"i18n":{"en-US":{"commonFontSize":"90%","commonTitle":""}},"id":9,"mode":"NormalVariable","noBeyond":false,"options":{},"panelGradientEndColor":"","panelPillarColor":"","panelStartGradientColor":"","panelTitleScheme":"Default","queryDate":"","refreshInView":false,"storePanelTitlePro":"rgba(0,0,0,0)","tableData":"","targets":[{"format":"table","group":[],"metricColumn":"none","rawQuery":true,"rawSql":"SELECT 1","refId":"A","select":[[{"params":["id"],"type":"column"}]],"table":"ae1","timeColumn":"date","timeColumnType":"timestamp","where":[{"name":"$__timeFilter","params":[],"type":"macro"}]}],"timeFrom":null,"timeMode":"Custome TimeRange","timeRangeEnable":true,"timeShift":null,"title":"Panel Title","titleBgColor":"rgba(0,0,0,0)","titleShow":true,"transparentRange":1,"trueTime":"Today","type":"advantech-common-switch-panel","updataTime":"","yearFrom":"","yearTo":"","yearandMonthFrom":"This Year/Month","yearandMonthTo":""},{"FontSize":"80%","FontSizeValue":"140%","adjFontSize":true,"backgroundColor":"rgba(128,128,128,0.1)","colorMaps":[{"color":"rgba(204, 204, 204, 0.2)","text":"N/A"}],"createUid":"89e46ae1-8434-083b-241a-8031b3f105bb","crosshairColor":"#8F070C","customInterval":"","datasource":"MySQL","display":"timeline","expandFromQueryS":0,"extendLastValue":true,"gridPos":{"h":6,"w":16,"x":0,"y":2},"hideTimeOverride":false,"highlightOnMouseover":true,"i18n":{"en-US":{"FontSize":"80%","FontSizeValue":"140%","title":"機台稼動","titleFontSize":"100%"}},"id":4,"legendSortBy":"-ms","lineColor":"rgba(0,0,0,0.1)","links":[{"targetBlank":true,"title":"${machine:raw}","url":"https://192.168.2.3:3000/dashboard/db/${machine:raw}?orgId=1"}],"metricNameColor":"#000000","nullValue":true,"options":{},"panelGradientEndColor":"","panelPillarColor":"","panelStartGradientColor":"","panelTitleScheme":"Default","rangeMaps":[{"from":"500","i18n":{"en-US":{"text":"休息時間"}},"text":"休息時間","to":"700"}],"refreshInView":false,"repeat":"machine","repeatDirection":"v","rowHeight":170,"scopedVars":{"machine":{"selected":false,"text":"cnc01","value":"cnc01"}},"showDistinctCount":false,"showLegend":true,"showLegendCounts":true,"showLegendNames":true,"showLegendPercent":true,"showLegendTime":true,"showLegendValues":true,"showTimeAxis":true,"showTransitionCount":false,"targets":[{"DataType":"0","Name":"select tag","NodeName":"select node","datasource":"MySQL","datasourceType":"data log","format":"time_series","group":[],"metricColumn":"name","rawQuery":true,"rawSql":"SELECT\n  date_add(date,INTERVAL -8 hour) AS \"time\",\n  $machine as Metric,\n  status\nFROM test\nWHERE\n  $__timeFilter(date) and name=$machine\nORDER BY date","refId":"A","select":[[{"params":["value"],"type":"column"}]],"table":"ai4","timeColumn":"date","timeColumnType":"timestamp","type":"timeserie","where":[{"name":"$__timeFilter","params":[],"type":"macro"}]}],"textSize":24,"textSizeTime":14,"timeFrom":null,"timeShift":null,"timeTextColor":"#d8d9da","title":"機台稼動","titleFontSize":"100%","titleShow":false,"transparentRange":1,"type":"natel-discrete-panel","units":"short","valueMaps":[{"i18n":{"en-US":{"text":"N/A"}},"op":"=","text":"N/A","value":"null"}],"valueTextColor":"#000000","writeAllValues":false,"writeLastValue":false,"writeMetricNames":true},{"aliasColors":{},"axisAdjFontSize":false,"axisFontSize":"","bars":false,"barwidth":1,"createUid":"1d17e89f-e894-24a5-174b-deb55d937767","currentTimePoints":true,"dashLength":10,"dashes":false,"datasource":"MySQL","discrete":false,"discreteDataType":"max","discreteShiftDay":0,"fill":1,"fillGradient":0,"gridPos":{"h":6,"w":8,"x":16,"y":2},"hiddenSeries":false,"id":14,"isMath":false,"isMathInputVal":false,"isMathTip":false,"legend":{"avg":false,"current":false,"legendAdjFontSize":false,"legendFontSize":"","max":false,"min":false,"show":true,"total":false,"values":false},"lines":true,"linewidth":1,"linkages":[],"markingAreaDataType":"series","markingAreaRefId":"","markingEnd":"","markingStart":"","mathInputVal":"","metricRuleObjArr":[],"needDrawCL":{"isCl":false,"lineColor":"rgba(0, 191, 255, 0.7)","target":"","value":""},"needDrawLCL":{"isLcl":false,"lineColor":"rgba(255, 165, 0, 0.7)","target":"","value":""},"needDrawUCL":{"isUcl":false,"lineColor":"rgba(0, 255, 255, 0.7)","target":"","value":""},"nullPointMode":"null","openInNewTabOption":true,"openIncludeTimeRangeOption":true,"options":{"dataLinks":[]},"panelGradientEndColor":"","panelPillarColor":"","panelStartGradientColor":"","panelTitleScheme":"Default","percentage":false,"plotDbclick":true,"plotselectedchb":true,"pointradius":2,"points":false,"refreshInView":false,"renderer":"flot","repeat":"machine","repeatDirection":"v","scaleUnitList":[{"txt":"year","val":"year"},{"txt":"month","val":"month"},{"txt":"day","val":"day"},{"txt":"hour","val":"hour"},{"txt":"minute","val":"minute"},{"txt":"second","val":"second"}],"scopedVars":{"machine":{"selected":false,"text":"cnc01","value":"cnc01"}},"selectedStatName":"","seriesOverrides":[],"showMarkingArea":false,"skipUrl":null,"spaceLength":10,"stack":false,"stackTotal":false,"steppedLine":false,"targets":[{"format":"time_series","group":[],"metricColumn":"none","rawQuery":true,"rawSql":"SELECT\n  date_add(date,INTERVAL -8 hour) AS \"time\",\n  $machine as Metric,\n  parts\nFROM test\nWHERE\n  $__timeFilter(date) and name=$machine\nORDER BY date","refId":"A","select":[[{"params":["ID"],"type":"column"}]],"table":"test","timeColumn":"date","timeColumnType":"timestamp","where":[{"name":"$__timeFilter","params":[],"type":"macro"}]}],"thresholds":[],"timeFrom":null,"timeRegions":[],"timeShift":null,"title":"部品數","titleShow":false,"tooltip":{"shared":true,"sort":0,"value_type":"individual"},"transparentRange":1,"type":"graph","xaxis":{"buckets":null,"enableCustomScale":false,"format":"Autoscale","mode":"time","name":null,"nsformat":"Autoscale","precision":"ms","scaleNumber":1,"scaleUnit":"day","show":true,"timeRangeAdjustable":false,"values":[]},"yaxes":[{"decimals":0,"format":"none","label":null,"logBase":1,"max":null,"min":null,"show":true},{"format":"short","label":null,"logBase":1,"max":null,"min":null,"show":true}],"yaxis":{"align":false,"alignLevel":null}},{"FontSize":"80%","FontSizeValue":"140%","adjFontSize":true,"backgroundColor":"rgba(128,128,128,0.1)","colorMaps":[{"color":"rgba(204, 204, 204, 0.2)","text":"N/A"}],"createUid":"ac6fb056-331f-413b-db40-e1cb285bb070","crosshairColor":"#8F070C","customInterval":"","datasource":"MySQL","display":"timeline","expandFromQueryS":0,"extendLastValue":true,"gridPos":{"h":6,"w":16,"x":0,"y":8},"hideTimeOverride":false,"highlightOnMouseover":true,"i18n":{"en-US":{"FontSize":"80%","FontSizeValue":"140%","title":"機台稼動","titleFontSize":"100%"}},"id":15,"legendSortBy":"-ms","lineColor":"rgba(0,0,0,0.1)","links":[{"targetBlank":true,"title":"${machine:raw}","url":"https://192.168.2.3:3000/dashboard/db/${machine:raw}?orgId=1"}],"metricNameColor":"#000000","nullValue":true,"options":{},"panelGradientEndColor":"","panelPillarColor":"","panelStartGradientColor":"","panelTitleScheme":"Default","rangeMaps":[{"from":"500","i18n":{"en-US":{"text":"休息時間"}},"text":"休息時間","to":"700"}],"refreshInView":false,"repeat":null,"repeatDirection":"v","repeatIteration":1653027411066,"repeatPanelId":4,"rowHeight":170,"scopedVars":{"machine":{"selected":false,"text":"cnc02","value":"cnc02"}},"showDistinctCount":false,"showLegend":true,"showLegendCounts":true,"showLegendNames":true,"showLegendPercent":true,"showLegendTime":true,"showLegendValues":true,"showTimeAxis":true,"showTransitionCount":false,"targets":[{"DataType":"0","Name":"select tag","NodeName":"select node","datasource":"MySQL","datasourceType":"data log","format":"time_series","group":[],"metricColumn":"name","rawQuery":true,"rawSql":"SELECT\n  date_add(date,INTERVAL -8 hour) AS \"time\",\n  $machine as Metric,\n  status\nFROM test\nWHERE\n  $__timeFilter(date) and name=$machine\nORDER BY date","refId":"A","select":[[{"params":["value"],"type":"column"}]],"table":"ai4","timeColumn":"date","timeColumnType":"timestamp","type":"timeserie","where":[{"name":"$__timeFilter","params":[],"type":"macro"}]}],"textSize":24,"textSizeTime":14,"timeFrom":null,"timeShift":null,"timeTextColor":"#d8d9da","title":"機台稼動","titleFontSize":"100%","titleShow":false,"transparentRange":1,"type":"natel-discrete-panel","units":"short","valueMaps":[{"i18n":{"en-US":{"text":"N/A"}},"op":"=","text":"N/A","value":"null"}],"valueTextColor":"#000000","writeAllValues":false,"writeLastValue":false,"writeMetricNames":true},{"aliasColors":{},"axisAdjFontSize":false,"axisFontSize":"","bars":false,"barwidth":1,"createUid":"6ce55768-df39-d03d-a863-422826e297d1","currentTimePoints":true,"dashLength":10,"dashes":false,"datasource":"MySQL","discrete":false,"discreteDataType":"max","discreteShiftDay":0,"fill":1,"fillGradient":0,"gridPos":{"h":6,"w":8,"x":16,"y":8},"hiddenSeries":false,"id":18,"isMath":false,"isMathInputVal":false,"isMathTip":false,"legend":{"avg":false,"current":false,"legendAdjFontSize":false,"legendFontSize":"","max":false,"min":false,"show":true,"total":false,"values":false},"lines":true,"linewidth":1,"linkages":[],"markingAreaDataType":"series","markingAreaRefId":"","markingEnd":"","markingStart":"","mathInputVal":"","metricRuleObjArr":[],"needDrawCL":{"isCl":false,"lineColor":"rgba(0, 191, 255, 0.7)","target":"","value":""},"needDrawLCL":{"isLcl":false,"lineColor":"rgba(255, 165, 0, 0.7)","target":"","value":""},"needDrawUCL":{"isUcl":false,"lineColor":"rgba(0, 255, 255, 0.7)","target":"","value":""},"nullPointMode":"null","openInNewTabOption":true,"openIncludeTimeRangeOption":true,"options":{"dataLinks":[]},"panelGradientEndColor":"","panelPillarColor":"","panelStartGradientColor":"","panelTitleScheme":"Default","percentage":false,"plotDbclick":true,"plotselectedchb":true,"pointradius":2,"points":false,"refreshInView":false,"renderer":"flot","repeat":null,"repeatDirection":"v","repeatIteration":1653027411066,"repeatPanelId":14,"scaleUnitList":[{"txt":"year","val":"year"},{"txt":"month","val":"month"},{"txt":"day","val":"day"},{"txt":"hour","val":"hour"},{"txt":"minute","val":"minute"},{"txt":"second","val":"second"}],"scopedVars":{"machine":{"selected":false,"text":"cnc02","value":"cnc02"}},"selectedStatName":"","seriesOverrides":[],"showMarkingArea":false,"skipUrl":null,"spaceLength":10,"stack":false,"stackTotal":false,"steppedLine":false,"targets":[{"format":"time_series","group":[],"metricColumn":"none","rawQuery":true,"rawSql":"SELECT\n  date_add(date,INTERVAL -8 hour) AS \"time\",\n  $machine as Metric,\n  parts\nFROM test\nWHERE\n  $__timeFilter(date) and name=$machine\nORDER BY date","refId":"A","select":[[{"params":["ID"],"type":"column"}]],"table":"test","timeColumn":"date","timeColumnType":"timestamp","where":[{"name":"$__timeFilter","params":[],"type":"macro"}]}],"thresholds":[],"timeFrom":null,"timeRegions":[],"timeShift":null,"title":"部品數","titleShow":false,"tooltip":{"shared":true,"sort":0,"value_type":"individual"},"transparentRange":1,"type":"graph","xaxis":{"buckets":null,"enableCustomScale":false,"format":"Autoscale","mode":"time","name":null,"nsformat":"Autoscale","precision":"ms","scaleNumber":1,"scaleUnit":"day","show":true,"timeRangeAdjustable":false,"values":[]},"yaxes":[{"decimals":0,"format":"none","label":null,"logBase":1,"max":null,"min":null,"show":true},{"format":"short","label":null,"logBase":1,"max":null,"min":null,"show":true}],"yaxis":{"align":false,"alignLevel":null}},{"FontSize":"80%","FontSizeValue":"140%","adjFontSize":true,"backgroundColor":"rgba(128,128,128,0.1)","colorMaps":[{"color":"rgba(204, 204, 204, 0.2)","text":"N/A"}],"createUid":"1d44c6e2-1d14-c833-e508-22a4c5f7ebb5","crosshairColor":"#8F070C","customInterval":"","datasource":"MySQL","display":"timeline","expandFromQueryS":0,"extendLastValue":true,"gridPos":{"h":6,"w":16,"x":0,"y":14},"hideTimeOverride":false,"highlightOnMouseover":true,"i18n":{"en-US":{"FontSize":"80%","FontSizeValue":"140%","title":"機台稼動","titleFontSize":"100%"}},"id":16,"legendSortBy":"-ms","lineColor":"rgba(0,0,0,0.1)","links":[{"targetBlank":true,"title":"${machine:raw}","url":"https://192.168.2.3:3000/dashboard/db/${machine:raw}?orgId=1"}],"metricNameColor":"#000000","nullValue":true,"options":{},"panelGradientEndColor":"","panelPillarColor":"","panelStartGradientColor":"","panelTitleScheme":"Default","rangeMaps":[{"from":"500","i18n":{"en-US":{"text":"休息時間"}},"text":"休息時間","to":"700"}],"refreshInView":false,"repeat":null,"repeatDirection":"v","repeatIteration":1653027411066,"repeatPanelId":4,"rowHeight":170,"scopedVars":{"machine":{"selected":false,"text":"cnc03","value":"cnc03"}},"showDistinctCount":false,"showLegend":true,"showLegendCounts":true,"showLegendNames":true,"showLegendPercent":true,"showLegendTime":true,"showLegendValues":true,"showTimeAxis":true,"showTransitionCount":false,"targets":[{"DataType":"0","Name":"select tag","NodeName":"select node","datasource":"MySQL","datasourceType":"data log","format":"time_series","group":[],"metricColumn":"name","rawQuery":true,"rawSql":"SELECT\n  date_add(date,INTERVAL -8 hour) AS \"time\",\n  $machine as Metric,\n  status\nFROM test\nWHERE\n  $__timeFilter(date) and name=$machine\nORDER BY date","refId":"A","select":[[{"params":["value"],"type":"column"}]],"table":"ai4","timeColumn":"date","timeColumnType":"timestamp","type":"timeserie","where":[{"name":"$__timeFilter","params":[],"type":"macro"}]}],"textSize":24,"textSizeTime":14,"timeFrom":null,"timeShift":null,"timeTextColor":"#d8d9da","title":"機台稼動","titleFontSize":"100%","titleShow":false,"transparentRange":1,"type":"natel-discrete-panel","units":"short","valueMaps":[{"i18n":{"en-US":{"text":"N/A"}},"op":"=","text":"N/A","value":"null"}],"valueTextColor":"#000000","writeAllValues":false,"writeLastValue":false,"writeMetricNames":true},{"aliasColors":{},"axisAdjFontSize":false,"axisFontSize":"","bars":false,"barwidth":1,"createUid":"f448d153-79c5-8705-10ab-299ad2a5324c","currentTimePoints":true,"dashLength":10,"dashes":false,"datasource":"MySQL","discrete":false,"discreteDataType":"max","discreteShiftDay":0,"fill":1,"fillGradient":0,"gridPos":{"h":6,"w":8,"x":16,"y":14},"hiddenSeries":false,"id":19,"isMath":false,"isMathInputVal":false,"isMathTip":false,"legend":{"avg":false,"current":false,"legendAdjFontSize":false,"legendFontSize":"","max":false,"min":false,"show":true,"total":false,"values":false},"lines":true,"linewidth":1,"linkages":[],"markingAreaDataType":"series","markingAreaRefId":"","markingEnd":"","markingStart":"","mathInputVal":"","metricRuleObjArr":[],"needDrawCL":{"isCl":false,"lineColor":"rgba(0, 191, 255, 0.7)","target":"","value":""},"needDrawLCL":{"isLcl":false,"lineColor":"rgba(255, 165, 0, 0.7)","target":"","value":""},"needDrawUCL":{"isUcl":false,"lineColor":"rgba(0, 255, 255, 0.7)","target":"","value":""},"nullPointMode":"null","openInNewTabOption":true,"openIncludeTimeRangeOption":true,"options":{"dataLinks":[]},"panelGradientEndColor":"","panelPillarColor":"","panelStartGradientColor":"","panelTitleScheme":"Default","percentage":false,"plotDbclick":true,"plotselectedchb":true,"pointradius":2,"points":false,"refreshInView":false,"renderer":"flot","repeat":null,"repeatDirection":"v","repeatIteration":1653027411066,"repeatPanelId":14,"scaleUnitList":[{"txt":"year","val":"year"},{"txt":"month","val":"month"},{"txt":"day","val":"day"},{"txt":"hour","val":"hour"},{"txt":"minute","val":"minute"},{"txt":"second","val":"second"}],"scopedVars":{"machine":{"selected":false,"text":"cnc03","value":"cnc03"}},"selectedStatName":"","seriesOverrides":[],"showMarkingArea":false,"skipUrl":null,"spaceLength":10,"stack":false,"stackTotal":false,"steppedLine":false,"targets":[{"format":"time_series","group":[],"metricColumn":"none","rawQuery":true,"rawSql":"SELECT\n  date_add(date,INTERVAL -8 hour) AS \"time\",\n  $machine as Metric,\n  parts\nFROM test\nWHERE\n  $__timeFilter(date) and name=$machine\nORDER BY date","refId":"A","select":[[{"params":["ID"],"type":"column"}]],"table":"test","timeColumn":"date","timeColumnType":"timestamp","where":[{"name":"$__timeFilter","params":[],"type":"macro"}]}],"thresholds":[],"timeFrom":null,"timeRegions":[],"timeShift":null,"title":"部品數","titleShow":false,"tooltip":{"shared":true,"sort":0,"value_type":"individual"},"transparentRange":1,"type":"graph","xaxis":{"buckets":null,"enableCustomScale":false,"format":"Autoscale","mode":"time","name":null,"nsformat":"Autoscale","precision":"ms","scaleNumber":1,"scaleUnit":"day","show":true,"timeRangeAdjustable":false,"values":[]},"yaxes":[{"decimals":0,"format":"none","label":null,"logBase":1,"max":null,"min":null,"show":true},{"format":"short","label":null,"logBase":1,"max":null,"min":null,"show":true}],"yaxis":{"align":false,"alignLevel":null}},{"FontSize":"80%","FontSizeValue":"140%","adjFontSize":true,"backgroundColor":"rgba(128,128,128,0.1)","colorMaps":[{"color":"rgba(204, 204, 204, 0.2)","text":"N/A"}],"createUid":"6ded4343-7fe6-1e3e-0586-da5e38cfbf7c","crosshairColor":"#8F070C","customInterval":"","datasource":"MySQL","display":"timeline","expandFromQueryS":0,"extendLastValue":true,"gridPos":{"h":6,"w":16,"x":0,"y":20},"hideTimeOverride":false,"highlightOnMouseover":true,"i18n":{"en-US":{"FontSize":"80%","FontSizeValue":"140%","title":"機台稼動","titleFontSize":"100%"}},"id":17,"legendSortBy":"-ms","lineColor":"rgba(0,0,0,0.1)","links":[{"targetBlank":true,"title":"${machine:raw}","url":"https://192.168.2.3:3000/dashboard/db/${machine:raw}?orgId=1"}],"metricNameColor":"#000000","nullValue":true,"options":{},"panelGradientEndColor":"","panelPillarColor":"","panelStartGradientColor":"","panelTitleScheme":"Default","rangeMaps":[{"from":"500","i18n":{"en-US":{"text":"休息時間"}},"text":"休息時間","to":"700"}],"refreshInView":false,"repeat":null,"repeatDirection":"v","repeatIteration":1653027411066,"repeatPanelId":4,"rowHeight":170,"scopedVars":{"machine":{"selected":false,"text":"cnc04","value":"cnc04"}},"showDistinctCount":false,"showLegend":true,"showLegendCounts":true,"showLegendNames":true,"showLegendPercent":true,"showLegendTime":true,"showLegendValues":true,"showTimeAxis":true,"showTransitionCount":false,"targets":[{"DataType":"0","Name":"select tag","NodeName":"select node","datasource":"MySQL","datasourceType":"data log","format":"time_series","group":[],"metricColumn":"name","rawQuery":true,"rawSql":"SELECT\n  date_add(date,INTERVAL -8 hour) AS \"time\",\n  $machine as Metric,\n  status\nFROM test\nWHERE\n  $__timeFilter(date) and name=$machine\nORDER BY date","refId":"A","select":[[{"params":["value"],"type":"column"}]],"table":"ai4","timeColumn":"date","timeColumnType":"timestamp","type":"timeserie","where":[{"name":"$__timeFilter","params":[],"type":"macro"}]}],"textSize":24,"textSizeTime":14,"timeFrom":null,"timeShift":null,"timeTextColor":"#d8d9da","title":"機台稼動","titleFontSize":"100%","titleShow":false,"transparentRange":1,"type":"natel-discrete-panel","units":"short","valueMaps":[{"i18n":{"en-US":{"text":"N/A"}},"op":"=","text":"N/A","value":"null"}],"valueTextColor":"#000000","writeAllValues":false,"writeLastValue":false,"writeMetricNames":true},{"aliasColors":{},"axisAdjFontSize":false,"axisFontSize":"","bars":false,"barwidth":1,"createUid":"abfbbee1-17ab-c6d9-e6a5-5d3d8774e419","currentTimePoints":true,"dashLength":10,"dashes":false,"datasource":"MySQL","discrete":false,"discreteDataType":"max","discreteShiftDay":0,"fill":1,"fillGradient":0,"gridPos":{"h":6,"w":8,"x":16,"y":20},"hiddenSeries":false,"id":20,"isMath":false,"isMathInputVal":false,"isMathTip":false,"legend":{"avg":false,"current":false,"legendAdjFontSize":false,"legendFontSize":"","max":false,"min":false,"show":true,"total":false,"values":false},"lines":true,"linewidth":1,"linkages":[],"markingAreaDataType":"series","markingAreaRefId":"","markingEnd":"","markingStart":"","mathInputVal":"","metricRuleObjArr":[],"needDrawCL":{"isCl":false,"lineColor":"rgba(0, 191, 255, 0.7)","target":"","value":""},"needDrawLCL":{"isLcl":false,"lineColor":"rgba(255, 165, 0, 0.7)","target":"","value":""},"needDrawUCL":{"isUcl":false,"lineColor":"rgba(0, 255, 255, 0.7)","target":"","value":""},"nullPointMode":"null","openInNewTabOption":true,"openIncludeTimeRangeOption":true,"options":{"dataLinks":[]},"panelGradientEndColor":"","panelPillarColor":"","panelStartGradientColor":"","panelTitleScheme":"Default","percentage":false,"plotDbclick":true,"plotselectedchb":true,"pointradius":2,"points":false,"refreshInView":false,"renderer":"flot","repeat":null,"repeatDirection":"v","repeatIteration":1653027411066,"repeatPanelId":14,"scaleUnitList":[{"txt":"year","val":"year"},{"txt":"month","val":"month"},{"txt":"day","val":"day"},{"txt":"hour","val":"hour"},{"txt":"minute","val":"minute"},{"txt":"second","val":"second"}],"scopedVars":{"machine":{"selected":false,"text":"cnc04","value":"cnc04"}},"selectedStatName":"","seriesOverrides":[],"showMarkingArea":false,"skipUrl":null,"spaceLength":10,"stack":false,"stackTotal":false,"steppedLine":false,"targets":[{"format":"time_series","group":[],"metricColumn":"none","rawQuery":true,"rawSql":"SELECT\n  date_add(date,INTERVAL -8 hour) AS \"time\",\n  $machine as Metric,\n  parts\nFROM test\nWHERE\n  $__timeFilter(date) and name=$machine\nORDER BY date","refId":"A","select":[[{"params":["ID"],"type":"column"}]],"table":"test","timeColumn":"date","timeColumnType":"timestamp","where":[{"name":"$__timeFilter","params":[],"type":"macro"}]}],"thresholds":[],"timeFrom":null,"timeRegions":[],"timeShift":null,"title":"部品數","titleShow":false,"tooltip":{"shared":true,"sort":0,"value_type":"individual"},"transparentRange":1,"type":"graph","xaxis":{"buckets":null,"enableCustomScale":false,"format":"Autoscale","mode":"time","name":null,"nsformat":"Autoscale","precision":"ms","scaleNumber":1,"scaleUnit":"day","show":true,"timeRangeAdjustable":false,"values":[]},"yaxes":[{"decimals":0,"format":"none","label":null,"logBase":1,"max":null,"min":null,"show":true},{"format":"short","label":null,"logBase":1,"max":null,"min":null,"show":true}],"yaxis":{"align":false,"alignLevel":null}}],"recovery":{"enter":false},"refresh":"5s","refreshButton":false,"refreshInView":false,"schemaVersion":21,"startingGradientColor":"","style":"dark","tags":[],"templating":{"list":[{"allValue":null,"canJump":false,"controlFlag":false,"current":{"tags":[],"text":"All","value":["$__all"]},"hide":2,"includeAll":true,"label":null,"multi":true,"name":"machine","openNewTab":false,"options":[{"selected":true,"text":"All","value":"$__all"},{"selected":false,"text":"cnc01","value":"cnc01"},{"selected":false,"text":"cnc02","value":"cnc02"},{"selected":false,"text":"cnc03","value":"cnc03"},{"selected":false,"text":"cnc04","value":"cnc04"}],"query":"cnc01,cnc02,cnc03,cnc04","skipUrlSync":false,"type":"custom"}]},"time":{"from":"now/d+8h","to":"now/d+8h"},"timepicker":{"customTimeRange":[],"panelTimePicker":["Last 5 minutes","Last 15 minutes","Last 30 minutes","Last 1 hour","Last 3 hours","Last 6 hours","Last 12 hours","Last 24 hours","Last 2 days","Last 7 days","Last 30 days","Last 90 days","Last 6 months","Last 1 year","Last 2 years","Last 5 years","Yesterday","Day before yesterday","This day last week","Previous week","Previous month","Previous year","Today","Today so far","This week","This week so far","This month","This month so far","This year","This year so far"],"refresh_intervals":["5s","10s","30s","1m","5m","15m","30m","1h","2h","1d"]},"timezone":"","title":"機台稼動_dev","totalVariableArray":["machine"],"uid":"RLei6YmRz","version":11}},{"Id":2,"Uid":"kTM8UxZgk","Slug":"ji-tai-jia-dong-_dev2","OrgId":1,"GnetId":0,"Version":4,"PluginId":"","Created":"2022-05-20T13:54:17+08:00","Updated":"2022-05-20T14:13:22+08:00","UpdatedBy":1,"CreatedBy":1,"FolderId":0,"IsFolder":false,"HasAcl":false,"Title":"機台稼動_dev2","Data":{"advantechSchemaVersion":2,"annotations":{"list":[{"builtIn":1,"datasource":"-- Grafana --","enable":false,"hide":true,"iconColor":"rgba(0, 211, 255, 1)","name":"Annotations & Alerts","type":"dashboard"}]},"borderRadiusValue":"Default","borderShadowGradientData":"Default","dashGirdColLevel":1,"dashNoTopPadding":false,"dashboardPanelBorderColor":"","dashboardPanelBorderSquareRadiusColor":"","dashboardPanelBorderStyle":"","dashboardPanelBorderWidth":"","dashboardPanelColorScheme":"Default","dashboardPanelGradientColor":"","dashboardPanelPillarColor":"","dashboardPanelShadow":false,"dashboardPanelTitleGradientColor":"","dashboardPanelTitleScheme":"Default","editable":true,"gnetId":null,"graphTooltip":0,"id":2,"iteration":1653027198086,"linkOneLineShow":false,"links":[],"mobileAuto":false,"mobileUpgraded":true,"panelLanguage":"en-US","panels":[{"commonFontColor":"","commonFontSize":"90%","commonSwitchVersion":1,"commonTitle":"","commonVarArray":[{"name":"machine"}],"commonVarName":"machine","commoneTitleAdjFontSize":true,"createUid":"9035d9c5-9023-3d7c-e6b8-509ff6d05e55","datasource":"MySQL","dateMode":"yyyy/MM/dd","dayFromShift":8,"dayFromType":"hour","dayToShift":8,"dayToType":"hour","gridPos":{"h":2,"w":24,"x":0,"y":0},"i18n":{"en-US":{"commonFontSize":"90%","commonTitle":""}},"id":9,"mode":"NormalVariable","noBeyond":false,"options":{},"panelGradientEndColor":"","panelPillarColor":"","panelStartGradientColor":"","panelTitleScheme":"Default","queryDate":"","refreshInView":false,"storePanelTitlePro":"rgba(0,0,0,0)","tableData":"","targets":[{"format":"table","group":[],"metricColumn":"none","rawQuery":true,"rawSql":"SELECT 1","refId":"A","select":[[{"params":["id"],"type":"column"}]],"table":"ae1","timeColumn":"date","timeColumnType":"timestamp","where":[{"name":"$__timeFilter","params":[],"type":"macro"}]}],"timeFrom":null,"timeMode":"Custome TimeRange","timeRangeEnable":true,"timeShift":null,"title":"Panel Title","titleBgColor":"rgba(0,0,0,0)","titleShow":true,"transparentRange":1,"trueTime":"Today","type":"advantech-common-switch-panel","updataTime":"","yearFrom":"","yearTo":"","yearandMonthFrom":"This Year/Month","yearandMonthTo":""},{"FontSize":"80%","FontSizeValue":"140%","adjFontSize":true,"backgroundColor":"rgba(128,128,128,0.1)","colorMaps":[{"color":"rgba(204, 204, 204, 0.2)","text":"N/A"}],"createUid":"89e46ae1-8434-083b-241a-8031b3f105bb","crosshairColor":"#8F070C","customInterval":"","datasource":"MySQL","display":"timeline","expandFromQueryS":0,"extendLastValue":true,"gridPos":{"h":6,"w":24,"x":0,"y":2},"hideTimeOverride":false,"highlightOnMouseover":true,"i18n":{"en-US":{"FontSize":"80%","FontSizeValue":"140%","title":"機台稼動","titleFontSize":"100%"}},"id":4,"legendSortBy":"-ms","lineColor":"rgba(0,0,0,0.1)","links":[],"metricNameColor":"#000000","nullValue":true,"options":{},"panelGradientEndColor":"","panelPillarColor":"","panelStartGradientColor":"","panelTitleScheme":"Default","rangeMaps":[{"from":"500","i18n":{"en-US":{"text":"休息時間"}},"text":"休息時間","to":"700"}],"refreshInView":false,"repeat":null,"repeatDirection":"v","rowHeight":170,"showDistinctCount":false,"showLegend":true,"showLegendCounts":true,"showLegendNames":true,"showLegendPercent":true,"showLegendTime":true,"showLegendValues":true,"showTimeAxis":true,"showTransitionCount":false,"targets":[{"DataType":"0","Name":"select tag","NodeName":"select node","datasource":"MySQL","datasourceType":"data log","format":"time_series","group":[],"metricColumn":"name","rawQuery":true,"rawSql":"SELECT\n  date_add(date,INTERVAL -8 hour) AS \"time\",\n  name as Metric,\n  status\nFROM test\nWHERE\n  $__timeFilter(date)\nORDER BY date","refId":"A","select":[[{"params":["value"],"type":"column"}]],"table":"ai4","timeColumn":"date","timeColumnType":"timestamp","type":"timeserie","where":[{"name":"$__timeFilter","params":[],"type":"macro"}]}],"textSize":24,"textSizeTime":14,"timeFrom":null,"timeShift":null,"timeTextColor":"#d8d9da","title":"機台稼動","titleFontSize":"100%","titleShow":false,"transparentRange":1,"type":"natel-discrete-panel","units":"short","valueMaps":[{"i18n":{"en-US":{"text":"N/A"}},"op":"=","text":"N/A","value":"null"}],"valueTextColor":"#000000","writeAllValues":false,"writeLastValue":false,"writeMetricNames":true}],"recovery":{"enter":false},"refresh":"5s","refreshButton":false,"refreshInView":false,"schemaVersion":21,"startingGradientColor":"","style":"dark","tags":[],"templating":{"list":[{"allValue":null,"canJump":false,"controlFlag":false,"current":{"tags":[],"text":"All","value":["$__all"]},"hide":2,"includeAll":true,"label":null,"multi":true,"name":"machine","openNewTab":false,"options":[{"selected":true,"text":"All","value":"$__all"},{"selected":false,"text":"cnc01","value":"cnc01"},{"selected":false,"text":"cnc02","value":"cnc02"},{"selected":false,"text":"cnc03","value":"cnc03"},{"selected":false,"text":"cnc04","value":"cnc04"}],"query":"cnc01,cnc02,cnc03,cnc04","skipUrlSync":false,"type":"custom"}]},"time":{"from":"now/d+8h","to":"now/d+8h"},"timepicker":{"customTimeRange":[],"panelTimePicker":["Last 5 minutes","Last 15 minutes","Last 30 minutes","Last 1 hour","Last 3 hours","Last 6 hours","Last 12 hours","Last 24 hours","Last 2 days","Last 7 days","Last 30 days","Last 90 days","Last 6 months","Last 1 year","Last 2 years","Last 5 years","Yesterday","Day before yesterday","This day last week","Previous week","Previous month","Previous year","Today","Today so far","This week","This week so far","This month","This month so far","This year","This year so far"],"refresh_intervals":["5s","10s","30s","1m","5m","15m","30m","1h","2h","1d"]},"timezone":"","title":"機台稼動_dev2","totalVariableArray":["machine"],"uid":"kTM8UxZgk","version":4}}],"folderName":"general-Folder"}