{"orgId":1,"orgName":"Main Org.","orgContent":[{"Id":2,"OrgId":1,"Version":3,"Name":"MySQL","Type":"mysql","Access":"proxy","Url":"192.168.1.188:3306","Password":"","User":"usr","Database":"test","BasicAuth":false,"BasicAuthUser":"","BasicAuthPassword":"","WithCredentials":false,"IsDefault":false,"JsonData":{"anonymousId":"","anonymousPW":""},"SecureJsonData":{"password":"NW1nSWE0OTk3KdMwvebfadUN9Xu3PEIid7VskmHC"},"ReadOnly":false,"Created":"2022-05-20T13:35:24+08:00","Updated":"2022-05-20T13:36:12+08:00"},{"Id":1,"OrgId":1,"Version":1,"Name":"WebAccess","Type":"advantech-webaccess-datasource","Access":"proxy","Url":"","Password":"","User":"","Database":"","BasicAuth":false,"BasicAuthUser":"","BasicAuthPassword":"","WithCredentials":false,"IsDefault":true,"JsonData":{},"SecureJsonData":{},"ReadOnly":false,"Created":"2022-05-20T11:20:58+08:00","Updated":"2022-05-20T11:20:58+08:00"}],"ifAnnoymousFlag":false}